{
    "loss": 7.993854522705078,
    "accuracy": 0.5724138021469116
}